box_id,width,height,depth,is_fragile
1,1,3,5,0
2,5,2,1,0
3,5,4,3,0
4,5,1,2,0
5,3,2,5,0
6,5,5,5,0
7,3,1,2,1
8,1,3,5,0
9,3,1,3,1
10,2,4,2,0
11,4,1,1,1
12,2,4,4,0
13,2,5,3,0
14,2,4,2,0
15,1,3,5,0
16,2,2,2,0
17,3,2,1,0
18,5,4,4,0
19,3,4,3,0
20,5,5,1,0
21,2,5,4,0
22,4,1,1,0
23,1,1,5,1
24,5,1,2,0
25,5,4,1,0
26,2,3,5,0
27,5,3,2,0
28,2,2,3,1
29,2,5,1,0
30,4,3,2,0
